Inspection Ref No,Remedial Reference Number,Action Owner,Date Action Raised,Corrective Job Number,Remedial Works Action Required Notes,Priority,Target Completion Date,Actual Completion Date,PiC Comments,Property Inspection Ref No,Compliance or Asset Type_External Ref No,Property_Business Entity
Inspection Ref / Job No,Remedial Reference Number,Action Owner,Date Action Raised,Corrective Job Number,Remedial Works Action Required/Notes,Priority,Target Completion Date,Actual Completion Date,PiC Comments,Property Inspection Ref. No.,Asset No,Business Entity
2437.104-PWR-10102023-10333,2437.104-PWR-10102023-10333-11767,NSC,10/10/2023,,"Stop button damaged and held with tape to rectify. - Client-ID:0000200549, - Serial Number:None",Moderate,07/04/2024,,,,2437.104PWR,2437.104
2437.104-PWR-10102023-10333,2437.104-PWR-10102023-10333-11768,NSC,10/10/2023,,"Lower edges of both guide rails corroded to receive attention. - Client-ID:0000200548, - Serial Number:None",Moderate,07/04/2024,,,,2437.104PWR,2437.104
2437.104-PWR-10102023-10333,2437.104-PWR-10102023-10333-11770,NSC,10/10/2023,,"Bottom edge corroded and distorted at picket door to receive attention. - Client-ID:0000200570, - Serial Number:None",Moderate,07/04/2024,,,,2437.104PWR,2437.104
2437.104-PWR-10102023-10333,2437.104-PWR-10102023-10333-11771,NSC,10/10/2023,,"Lower edge distorted and partially displaced from guide rail requires attention. - Client-ID:0000200586, - Serial Number:None",Moderate,07/04/2024,,,,2437.104PWR,2437.104
