Inspection Ref No,Remedial Reference Number,Action Owner,Date Action Raised,Corrective Job Number,Remedial Works Action Required Notes,Priority,Target Completion Date,Actual Completion Date,PiC Comments,Property Inspection Ref No,Compliance or Asset Type_External Ref No,Property_Business Entity
Inspection Ref / Job No,Remedial Reference Number,Action Owner,Date Action Raised,Corrective Job Number,Remedial Works Action Required/Notes,Priority,Target Completion Date,Actual Completion Date,PiC Comments,Property Inspection Ref. No.,Asset No,Business Entity
2435.100-PWR-11102023-10342,2435.100-PWR-11102023-10342-11790,NSC,11/10/2023,,"Surface corrosion to exterior of vessel to suitably clean and protect. - Client-ID:0000207914, - Serial Number:None",Moderate,08/04/2024,,,,2435.100PWR,2435.100
2435.100-PWR-11102023-10342,2435.100-PWR-11102023-10342-11791,NSC,11/10/2023,,"RH guide peg displaced from guide rail, and detached from bottom of the door to rectify. - Client-ID:0000207894, - Serial Number:None",Moderate,08/04/2024,,,,2435.100PWR,2435.100
2435.100-PWR-11102023-10342,2435.100-PWR-11102023-10342-11793,NSC,11/10/2023,,"rectify. - Client-ID:0000207911, - Serial Number:None",Moderate,08/04/2024,,,,2435.100PWR,2435.100
